day,equity,daily_return
0,99955.45264583002,-0.0004454735416997573
1,100068.17264583001,0.0011277023615648557
2,100217.67264583001,0.0014939815132741898
3,100257.07264583002,0.00039314423254702856
4,100371.93264583002,0.0011456548348040955
5,100325.97264583003,-0.0004578969318262029
6,100647.01264583002,0.0031999689764617696
7,100891.99264583,0.002434051379766723
8,100773.83264583001,-0.001171153397819803
9,101060.43264583002,0.0028439922594513988
10,100962.89264583,-0.0009651650744644563
11,101035.53264583001,0.0007194722545720779
12,101409.51264583001,0.003701470069059224
13,101357.31264583001,-0.000514744609633459
14,101356.99064583001,-3.176879808615999e-06
15,101364.75264583003,7.658080563110904e-05
16,101771.33264583003,0.004011058966627171
17,101515.93264583,-0.0025095475647235075
18,100969.10264583003,-0.005386642133385842
19,100840.31264583002,-0.001275538720511023
20,100945.88264583005,0.001046902743853924
21,100154.16264583003,-0.007843014288931045
22,98876.07264583003,-0.01276122695488594
23,99229.45264583002,0.0035739688131200616
24,99022.63264583002,-0.0020842602119170144
25,98026.00639607004,-0.010064630914475604
26,98304.62639607005,0.0028423069575459676
27,98523.18639607004,0.002223293124775409
28,98558.90639607003,0.00036255425049291744
29,98798.96639607004,0.0024357007273933177
30,99026.06639607002,0.002298607043008749
31,99106.32639607003,0.0008104936702120135
32,98937.02639607002,-0.0017082663252334653
33,98839.26639607003,-0.0009881032770141754
34,98834.36639607002,-4.957543877727083e-05
35,99154.06639607003,0.0032347048062090827
36,99395.32639607004,0.002433183113603213
37,99162.04639607004,-0.002346991638927024
38,98893.46639607006,-0.0027084959393359805
39,98602.50639607005,-0.0029421559442026905
40,98750.58639607007,0.0015017873826168612
41,98949.70639607006,0.002016393089569742
42,98959.92639607006,0.00010328479358082331
43,99011.84639607008,0.0005246568170655
44,99118.76639607006,0.0010798707820506024
45,99437.72639607007,0.0032179577248315403
46,99386.14639607005,-0.0005187166065578938
47,99332.42639607003,-0.0005405179891564841
48,99231.12639607006,-0.0010198079688104368
49,99206.68639607006,-0.00024629368714865516
50,99142.12639607005,-0.000650762588140986
51,98849.32639607006,-0.002953335889027239
52,98880.90639607006,0.0003194761274695214
53,98813.44639607005,-0.0006822348465313782
54,98287.04639607006,-0.005327210204672408
55,97869.68950660006,-0.004246306148911685
56,98126.18950660006,0.002620831856043668
57,97968.50950660006,-0.001606910456758207
58,97935.74950660008,-0.0003343931653649151
59,98064.62950660007,0.0013159648100850518
60,97851.86950660008,-0.002169589596885954
61,97967.42950660009,0.0011809687498326566
62,98077.22950660008,0.0011207806569284921
63,98062.75096759293,-0.0001476238580554491
64,98034.07210683567,-0.0002924541732134925
65,98101.38999032596,0.000686678437849036
66,98275.12399467394,0.0017709637382826398
67,98294.51386294741,0.00019730189579317826
68,98157.00958717916,-0.0013989008171908092
69,98024.59551962228,-0.001349002665359981
70,98059.30505114468,0.00035409002545118526
71,97851.69517172509,-0.0021171869340833654
72,97918.20134105353,0.0006796629247119565
73,98138.70837615321,0.002251951445999857
74,98191.39546384415,0.0005368634717404653
75,97969.84881011168,-0.0022562736040759885
76,97975.63348651209,5.904547644658219e-05
77,97783.93173371849,-0.0019566268261994274
78,97671.59407504162,-0.0011488355672052682
79,97878.8901073268,0.002122377895520964
80,97902.44580592355,0.0002406616847709007
81,97843.18999578638,-0.0006052536241497568
82,98029.61519363253,0.0019053466864088911
83,98263.36265471563,0.0023844576011175104
84,98433.0853003768,0.0017272220395871968
85,98520.2269187934,0.0008852878902524052
86,98323.53303501791,-0.0019964822445811313
87,98427.1025893769,0.0010533546869404002
88,98454.2699819502,0.00027601536425032625
89,98439.9212832734,-0.00014573972951540304
90,98542.3335263242,0.0010403527523767527
91,98469.29541351064,-0.000741185135361843
92,98529.76002550147,0.0006140453400921905
93,98439.24455038982,-0.0009186612764328464
94,98354.08409200926,-0.0008651067850990641
95,98134.45975197511,-0.0022329966473855897
96,98459.22288204033,0.003309368909616615
97,98275.44576939085,-0.0018665301966647363
98,98496.49222925284,0.002249254207207347
99,98565.92110002055,0.0007048867345054141
100,98552.46490413226,-0.00013651975995488232
101,98753.88611036997,0.0020437967374397842
102,98792.96007860539,0.00039567018346757467
103,98878.27746055319,0.0008635977895580703
104,98913.46757050014,0.00035589323409276896
105,98913.88930258705,4.263646773878253e-06
106,98874.31514048112,-0.0004000870088613917
107,98941.92958250297,0.0006838423297879279
108,98817.99919529843,-0.0012525568050621128
109,98724.05101715407,-0.0009507192911150931
110,98704.5238407593,-0.00019779553405267764
111,98752.9641844126,0.0004907611299706828
112,98596.25638710697,-0.0015868667700241587
113,98692.00918627427,0.0009711605965173866
114,98431.79068094734,-0.002636672487189658
115,98443.71687205536,0.00012116198461392472
116,98304.64330338694,-0.0014127216351366412
117,98351.739988996,0.0004790891256653028
118,98415.37249549989,0.0006469891281130991
119,98505.02489099187,0.000910959266003754
120,98530.40727798817,0.0002576760629662009
121,98770.30418136135,0.0024347499416736626
122,99085.10266490867,0.0031871774229761465
123,98965.0561359926,-0.0012115497253107606
124,99147.97997674535,0.0018483679785052227
125,99046.14638934867,-0.0010270868596674882
126,98987.21560993025,-0.0005949830615999235
127,98855.82099213013,-0.0013273897744321085
128,98784.43843442734,-0.0007220875512073166
129,99081.27973515622,0.0030049399018036325
130,99413.11403940446,0.0033491120132402934
131,99562.02992050083,0.0014979500696190966
132,99350.32868720824,-0.002126325000219864
133,99330.98497481842,-0.0001947020472446088
134,99534.25738105328,0.0020464148854095047
135,99330.73735945245,-0.0020447233641547264
136,99414.65915928813,0.0008448724137826507
137,99577.5405470254,0.0016384041258573616
138,99677.1314472199,0.001000134163260195
139,99762.56865309534,0.0008571394926296296
140,99651.29030762691,-0.0011154318395246324
141,99580.58126371955,-0.0007095647601660613
142,99477.95955144554,-0.0010305393980602638
143,99340.89949407197,-0.0013777932115976862
144,99495.56005165893,0.0015568668934409168
145,99147.07609020265,-0.003502507662405545
146,99508.4261460749,0.0036445861050253933
147,99651.40916300255,0.0014368935623376836
148,99732.98356916883,0.0008185976179508814
149,99731.80492002679,-1.1818047549115127e-05
150,99780.93180863588,0.0004925899882038862
151,99703.38858062768,-0.0007771347350906282
152,99933.2350679388,0.002305302664063909
153,100055.15096952944,0.0012199735304051973
154,100004.48143719029,-0.0005064160300410457
155,100261.66218475123,0.002571692226837511
156,100190.66590701933,-0.0007081099214280769
157,100077.70377706228,-0.0011274715956263632
158,99992.60332808456,-0.0008503437405728281
159,100134.91283121679,0.001423200300779184
160,99968.56482835588,-0.0016612388043049215
161,99848.15442819033,-0.001204482632838581
162,99888.93172665882,0.0004083931115403808
163,99975.37920322745,0.0008654359904978865
164,100073.13774971376,0.0009778262134677927
165,100336.46183450446,0.0026313163623318246
166,100301.38959406801,-0.0003495463144227685
167,100261.8800862733,-0.00039390788058466577
168,100424.00872329801,0.0016170516340328375
169,100232.81004230805,-0.0019039140482512407
170,100431.80365501887,0.001985314116473928
171,100307.00551056828,-0.001242615784132069
172,100347.58471674401,0.00040455007074697175
173,100233.86983607439,-0.0011332099421287694
174,100034.5543233878,-0.0019885046143840713
175,100216.79428043688,0.00182177007016949
176,100368.21602903692,0.0015109418504878234
177,100565.44662034203,0.0019650702095577247
178,100700.15928404618,0.0013395521844865818
179,100641.06835311028,-0.0005868007692938235
180,100462.42872348246,-0.0017750172226019395
181,100540.69498835932,0.0007790600513180573
182,100612.16668759387,0.0007108733358450773
183,100759.12145499175,0.0014606063285982972
184,99764.36138834496,-0.009872655222496614
185,98800.21648554715,-0.009664221665738562
186,99092.7591835227,0.0029609519936462944
187,98933.11660477234,-0.0016110418164327915
188,99596.72578558097,0.006707654661883203
189,99566.99752120425,-0.00029848636230002737
190,99541.12229184517,-0.0002598775699102996
191,99257.27162335627,-0.002851592004927194
192,99407.74235667313,0.0015159668491376318
193,99552.11777037189,0.0014523558253716224
194,99451.00717435438,-0.0010156548979775026
195,99535.14648829802,0.0008460378264057634
196,99417.78170663229,-0.0011791290394044208
197,99641.93409768533,0.002254650900524697
198,99758.70129899634,0.001171868073100087
199,100157.17045160473,0.003994329791985741
200,100128.58619130428,-0.0002853940478906656
201,100019.54769591421,-0.001088984669989473
202,99684.94502588312,-0.0033453727570172337
203,99641.59804090307,-0.00043483983432785004
204,99387.23796291929,-0.0025527498854382015
205,99500.49935948265,0.0011395969833233055
206,99775.44608068632,0.002763269762197981
207,99524.93043631784,-0.002510794531210453
208,99201.74902081622,-0.0032472408077533267
209,99041.4978890272,-0.0016154063146142897
210,99002.0277065984,-0.00039852166283915595
211,99301.44534332756,0.0030243586284569228
212,99511.65419277061,0.0021168760305176116
213,99965.86506071578,0.0045643987292712206
214,99977.80670813746,0.00011945725087687623
215,100405.73897998409,0.004280272651868242
216,100578.52435971322,0.0017208715506150005
217,100034.65651921586,-0.005407395305902798
218,99984.0613825168,-0.0005057760826053779
219,99537.83817197966,-0.004462943436854264
220,99613.38228848802,0.0007589487364377475
221,99687.80096199502,0.0007470750595684527
222,99761.32326496992,0.0007375255775071011
223,99854.15737307465,0.0009305621163239878
224,99314.79130458283,-0.005401538430459385
225,98597.51560482023,-0.0072222444445644825
226,98442.80205098493,-0.0015691425172962455
227,98143.36926878082,-0.003041693003100723
228,97998.36522245021,-0.001477471656118716
229,97860.3241605114,-0.0014086057622028883
230,97456.95742107979,-0.00412186187703606
231,97582.44929556963,0.0012876646040530738
232,97661.32990239181,0.0008083482981991362
233,97684.63553622563,0.00023863727697659963
234,97700.7702058029,0.00016517100656317937
235,97537.63076896612,-0.0016697865993598369
236,97535.83802790198,-1.83799939573041e-05
237,97673.87908984079,0.0014152855476500005
238,97609.34041153172,-0.0006607567848277679
239,97729.45406282913,0.0012305548914785156
240,97668.50086664836,-0.0006236932024769783
241,97801.16370539475,0.0013582970719241618
242,97745.97820192168,-0.0005642622376079168
243,97454.52830325533,-0.0029817073196022324
244,97692.00673621848,0.0024368127074011333
245,97713.47979029785,0.0002198035929116397
246,97814.29159613802,0.0010317082766523424
247,97908.4503406957,0.0009626276796692509
248,97877.59527504732,-0.0003151420080800114
249,97982.27143384797,0.0010694598544896746
250,97972.67030948223,-9.798838325779734e-05
251,97849.44924034031,-0.001257708591106922
252,97832.19124222796,-0.00017637297139997828
253,97849.23661628563,0.00017423072959146978
254,97851.91769119482,2.7400059539452604e-05
255,97960.56971963128,0.0011103719886141681
256,98006.63724033364,0.00047026595327285045
257,98000.92283249802,-5.830633512727801e-05
258,98048.1449767014,0.0004818540768651193
259,98023.56519505223,-0.00025069094020095623
260,98011.64713213475,-0.00012158365076566738
261,98068.92819972006,0.0005844312309952258
262,98123.39120316724,0.0005553543252380759
263,98165.7600146883,0.00043179114583728734
264,98222.92366293451,0.0005823175844373015
265,98301.692469573,0.0008019391370266501
266,98238.3447361348,-0.0006444215948551373
267,98219.42065265171,-0.00019263438867896156
268,98223.47161985026,4.1244055112698476e-05
269,98276.95612880505,0.0005445186173197615
270,98323.76730532163,0.00047631894963477635
271,98315.2770663835,-8.634981318169133e-05
272,98300.58007910759,-0.00014948833705650397
273,98267.62438460343,-0.0003352543238059519
274,98278.91621104577,0.00011490891850757365
275,98317.21448547844,0.00038968962936492197
276,98416.9035043645,0.001013952840382528
277,98504.81144956202,0.0008932199862763835
278,98542.07251983276,0.00037826650010697513
279,98536.0645636494,-6.096843743733314e-05
280,98499.78198787109,-0.0003682162052947522
281,98461.69898222674,-0.0003866303546645658
282,98359.19189920257,-0.0010410858646942396
283,98369.42695159311,0.00010405791459769861
284,98497.15962263146,0.0012984996964677312
285,98518.56908212524,0.00021736118661494472
286,98525.16413500403,6.694223170549891e-05
287,98620.07810076718,0.0009633474513484558
288,98526.35789828478,-0.0009503156384305057
289,98410.73898906237,-0.0011734820172868345
290,98495.86800990147,0.0008650379187638439
291,98440.64178075023,-0.0005606958978796823
292,98451.36608038699,0.00010894178911016279
293,98434.79038368566,-0.00016836431388667458
294,98398.31210900885,-0.0003705831498661228
295,98512.05230880583,0.0011559161672506303
296,98439.74156581721,-0.0007340294034473395
297,98454.22328430478,0.00014711252038274286
298,98426.5123202799,-0.0002814603894121504
299,98455.80844538247,0.00029764465296942133
300,98495.08521430755,0.00039892790019453766
301,98499.76241798121,4.7486670664796524e-05
302,98336.08181628097,-0.0016617360050643927
303,98244.45363502334,-0.0009317859687435895
304,98254.57126807478,0.00010298426707155023
305,98247.8587958569,-6.831714933215488e-05
306,98313.10480861035,0.0006640960276705571
307,98374.37813372463,0.0006232467709526574
308,98434.41855577851,0.000610325810367592
309,98473.26478712691,0.00039464073561220665
310,98410.44544071461,-0.0006379330120526486
311,98588.00305130614,0.0018042557352155658
312,98469.99661552231,-0.0011969654738054716
313,98451.58134917528,-0.00018701398375108467
314,98533.03123072293,0.0008273090226836921
315,98503.76711959869,-0.00029699797883746216
316,98520.84535723676,0.00017337649246788165
317,98565.13595477495,0.00044955559787991374
318,98717.71435363575,0.0015479956211980307
319,98711.30970660574,-6.487839666818064e-05
320,98653.07668514838,-0.000589932618971742
321,98758.40849553401,0.0010676991932223655
322,98802.45276049412,0.00044597989812808725
323,98769.59199457869,-0.0003325905885667558
324,98780.72622710778,0.00011272935631545423
325,98520.50049162743,-0.002634377630328991
326,98324.1734269002,-0.001992753424389068
327,98333.92819699206,9.921029337818358e-05
328,98254.65837336692,-0.0008061289229321447
329,98327.27721738398,0.0007390880515924571
330,98536.75844178049,0.0021304487455030704
331,98829.8942096919,0.002974887468868759
332,98957.74081771375,0.001293602599134681
333,98962.44906534298,4.757836618271161e-05
334,98971.2850149186,8.928588226206613e-05
335,98894.01787515324,-0.0007807026023123893
336,99047.48307129508,0.001551814755221854
337,99101.97183756568,0.000550127722391346
338,99172.6692874737,0.0007133808601094929
339,99203.41159321768,0.0003099876807275336
340,99337.859914332,0.0013552792081951992
341,99528.6691293103,0.0019208106067802897
342,99737.4113559726,0.0020973075244389
343,99636.11939986741,-0.0010155863755443289
344,99574.63478837944,-0.0006170915914661917
345,99372.14940920031,-0.0020335036087197546
346,99016.59296600423,-0.003578029108859653
347,99132.51707724719,0.0011707543934857507
348,99240.70634553854,0.0010913600449288714
349,99373.7259377,0.001340373290959108
350,99586.75435122084,0.0021437096326082524
351,99827.37201348625,0.002416161304110949
352,99733.61783427023,-0.0009391630504242996
353,99624.19690308851,-0.0010971318754679899
354,99654.69287625441,0.00030611010290573743
355,99765.83813548267,0.0011153038158101252
356,99795.84144349242,0.00030073729214797175
357,99661.98432056546,-0.0013413096276435222
358,99730.41551075519,0.0006866328285178771
359,99585.37488878358,-0.0014543268593518023
360,99557.09590882037,-0.0002839671989465965
361,99738.74155189419,0.0018245373814456715
362,99434.52081796936,-0.003050176182206408
363,99409.44416152113,-0.0002521926614815919
364,99480.73280961654,0.000717121483745439
365,99550.1985966342,0.0006982838289963276
366,99421.95785648742,-0.001288201751022225
367,99556.01204547683,0.0013483358392812868
368,99638.43492610133,0.0008279046029570117
369,99493.88696928587,-0.0014507248826485474
370,99231.44424060281,-0.0026377774220849117
371,99260.61001784712,0.0002939166860615525
372,99157.34740111732,-0.0010403181756714348
373,98485.79552676434,-0.006772588133447922
374,98854.80172872341,0.00374679617487353
375,98904.5116429793,0.0005028578621027475
376,99325.69108497503,0.004258445191217113
377,99284.06087928003,-0.0004191282762821654
378,99239.5936638428,-0.0004478786931499781
379,99062.63968213767,-0.0017830986118760037
380,99280.28027199113,0.002196999701924006
381,99238.47175395486,-0.000421116035548304
382,98654.22476930464,-0.005887303324246669
383,98971.99333455488,0.0032210335238385714
384,98890.02441389294,-0.0008282031906223396
385,99007.03067963917,0.0011831958424492488
386,99274.00551934358,0.0026965240536124487
387,99284.80941228033,0.00010882902206101401
388,99347.40622555162,0.000630477246638623
389,99472.18643326468,0.0012559986461023421
390,99579.41321901431,0.0010779574632309376
391,99575.03479192952,-4.3969199488696326e-05
392,99447.63348500924,-0.0012794502877804708
393,99485.92734729037,0.00038506559622575304
394,99756.28777347073,0.0027175745694823514
395,99810.86422173609,0.0005470978269489087
396,99722.63047683264,-0.0008840094271443601
397,99689.0426790372,-0.00033681219232630216
398,99817.08933235322,0.0012844606576098106
399,99863.1472081951,0.00046142274985140164
400,99957.70534777654,0.000946877223729954
401,99821.28904812841,-0.001364740208606378
402,99788.47566600781,-0.00032872128213836337
403,99737.11602131496,-0.0005146851312245993
404,99740.15411357788,3.0460999717329688e-05
405,99719.80088109762,-0.00020406257300434747
406,99586.07517949931,-0.0013410145268716934
407,99725.64573376156,0.001401506726825877
408,99484.48772840762,-0.002418214528264367
409,99034.78057465491,-0.0045203746234328485
410,99224.80033877178,0.0019187174749544299
411,99646.37038967128,0.004248635920255612
412,99525.85939657601,-0.0012093866803577192
413,99102.59158823546,-0.004252842536671582
414,99301.19942361835,0.0020040629836211295
415,99414.12511446245,0.0011372036944121684
416,99555.76375571286,0.0014247335686684947
417,99478.47111431835,-0.0007763753546622308
418,99712.61271508994,0.0023536911871365946
419,99715.40259720065,2.7979229856076695e-05
420,99838.28647935095,0.0012323460463442857
421,99798.85085036971,-0.0003949950502146034
422,99893.47848879376,0.0009481836475845895
423,99923.17435140275,0.00029727528821941535
424,100054.77537409822,0.0013170220376772111
425,100052.5017691041,-2.272360300259382e-05
426,100003.81286564888,-0.0004866335433327666
427,100025.02986945875,0.00021216194864891516
428,100168.55490786585,0.0014348912326685812
429,100351.54536047243,0.001826825322326924
430,100368.04637139058,0.0001644320559177533
431,100451.32584165613,0.0008297408714859982
432,100329.3752296781,-0.0012140269026439242
433,100141.82763867713,-0.001869318836797568
434,100215.83397765657,0.0007390152618989637
435,100141.17236387532,-0.0007450081570731688
436,100201.78528304213,0.0006052747110505038
437,100076.39944255768,-0.0012513333982049951
438,100182.31567870369,0.0010583537850680097
439,100346.09466553015,0.0016348093544945083
440,100395.50834262976,0.0004924324884223055
441,100350.5654781438,-0.00044765811964985917
442,100493.93026405708,0.0014286395420909535
443,100551.43681123578,0.0005722390101329305
444,100666.5402615506,0.0011447220841896253
445,100586.51500185067,-0.0007949539091340178
446,100391.08510531092,-0.0019429035446368826
447,100326.67134715832,-0.000641628268934933
448,100560.0306667499,0.0023259948372462993
449,100596.43407807495,0.00036200676435437564
450,100726.00452114193,0.0012880222271739118
451,100585.1697020389,-0.0013981972160275584
452,100595.93210053323,0.00010699786585052533
453,100656.11920778464,0.000598305577518324
454,100795.9400322534,0.001389094131278175
455,100868.24487736177,0.0007173388638991219
456,101179.83237705394,0.003089054439987754
457,101202.31494719218,0.00022220406587022032
458,101259.67692483882,0.0005668049952865274
459,101345.49500537009,0.0008475049806348416
460,101366.07608458033,0.00020307838260756595
461,101325.64681337075,-0.0003988441969071262
462,101325.77732753158,1.2880663972061792e-06
463,101387.75738708285,0.0006116909357716011
464,101409.6938056557,0.00021636161148225576
465,101159.44796156089,-0.002467671824099943
466,101253.43823647127,0.0009291299705992884
467,101266.70048312332,0.00013098070429055496
468,101112.90460389326,-0.0015187211442293735
469,101242.84651034113,0.0012851169389001553
470,101171.6660949262,-0.0007030661213940501
471,101255.67705630731,0.0008303803290367952
472,101439.66186489604,0.0018170320315610603
473,101428.2268164958,-0.00011272758790806601
474,101527.47781604335,0.0009785343061069595
475,101595.22470507293,0.000667276391445008
476,101848.97435240894,0.002497653291014492
477,102058.72064843838,0.0020593854514792584
478,102154.49796339727,0.0009384530234197398
479,102207.15540752297,0.0005154686790646653
480,102236.6214892215,0.0002882976400336216
481,102286.40762180866,0.00048696965785772415
482,102019.65675614226,-0.0026078818473386236
483,101691.84381709334,-0.003213233110874826
484,101895.22503789385,0.0019999757420695883
485,101887.03276441309,-8.039899296277597e-05
486,101945.6436621835,0.0005752537509454637
487,101503.06010320585,-0.004341368037699052
488,101705.35705251626,0.0019930133052611723
489,101933.074144539,0.002238988177438501
490,102303.75444044167,0.0036365065903639538
491,102344.98687571796,0.0004030393166098338
492,102173.66194073127,-0.00167399440086635
493,102349.72554371176,0.0017231799236342915
494,102470.54149845128,0.0011804228501611262
495,102561.36931484885,0.000886379783588351
496,102625.15058129893,0.0006218839205848756
497,102728.72862725605,0.001009285203192327
498,102749.75144670297,0.00020464401465756333
499,102727.36324834255,-0.00021789053545323946
500,102654.76725625999,-0.0007066860258746551
501,102528.08820383325,-0.0012340299024836403
502,101713.09754620945,-0.00794895010627272
503,100857.44670770688,-0.008412395838341587
504,100816.02863494557,-0.00041065954089994193
505,100152.75980816167,-0.006579001729829999
506,99870.87333035831,-0.0028145652535516955
507,98344.36098074599,-0.015284860327223109
508,98610.24138175687,0.002703565291993929
509,97832.80584378814,-0.007883922877330633
510,97299.11072995543,-0.005455175380381881
511,97299.11072995543,0.0
512,97299.11072995543,0.0
513,97299.11072995543,0.0
514,97299.11072995543,0.0
515,97299.11072995543,0.0
516,97299.11072995543,0.0
517,97299.11072995543,0.0
518,97299.11072995543,0.0
519,97299.11072995543,0.0
520,97299.11072995543,0.0
521,97299.11072995543,0.0
522,97299.11072995543,0.0
523,97299.11072995543,0.0
524,97299.11072995543,0.0
525,97299.11072995543,0.0
526,97299.11072995543,0.0
527,97299.11072995543,0.0
528,97299.11072995543,0.0
529,97299.11072995543,0.0
530,97299.11072995543,0.0
531,97299.11072995543,0.0
532,97299.11072995543,0.0
533,97299.11072995543,0.0
534,97299.11072995543,0.0
535,97299.11072995543,0.0
536,97299.11072995543,0.0
537,97299.11072995543,0.0
538,97299.11072995543,0.0
539,97299.11072995543,0.0
540,97299.11072995543,0.0
541,97299.11072995543,0.0
542,97299.11072995543,0.0
543,97299.11072995543,0.0
544,97299.11072995543,0.0
545,97299.11072995543,0.0
546,97299.11072995543,0.0
547,97299.11072995543,0.0
548,97299.11072995543,0.0
549,97299.11072995543,0.0
550,97299.11072995543,0.0
551,97299.11072995543,0.0
552,97299.11072995543,0.0
553,97299.11072995543,0.0
554,97299.11072995543,0.0
555,97299.11072995543,0.0
556,97299.11072995543,0.0
557,97299.11072995543,0.0
558,97299.11072995543,0.0
559,97299.11072995543,0.0
560,97299.11072995543,0.0
561,97299.11072995543,0.0
562,97299.11072995543,0.0
563,97299.11072995543,0.0
564,97299.11072995543,0.0
565,97299.11072995543,0.0
566,97299.11072995543,0.0
567,97299.11072995543,0.0
568,97299.11072995543,0.0
569,97299.11072995543,0.0
570,97299.11072995543,0.0
571,97299.11072995543,0.0
572,97299.11072995543,0.0
573,97299.11072995543,0.0
574,97299.11072995543,0.0
575,97299.11072995543,0.0
576,97295.7403673239,-3.463919255009387e-05
577,97236.436559334,-0.0006095211133191785
578,97258.59156684723,0.00022784676503129314
579,97231.73701228575,-0.00027611498510150486
580,97251.43035229752,0.00020254024680500893
581,97284.96733172085,0.0003448481868270499
582,97316.47278377521,0.0003238470744091149
583,97347.66687867524,0.00032054280234067626
584,97412.92539224181,0.0006703654608169058
585,97364.63584358653,-0.0004957201363252286
586,97385.78867025922,0.00021725369267214042
587,97354.22483873842,-0.0003241112687157314
588,97375.47496452184,0.0002182763595377444
589,97363.44879443562,-0.0001235030698500287
590,97444.50868358476,0.0008325494849742448
591,97501.20487540711,0.0005818305473370822
592,97488.26409368003,-0.0001327243262647207
593,97526.95022010626,0.0003968285494246804
594,97549.00792850874,0.00022617039036577612
595,97552.95827240437,4.049599252247851e-05
596,97591.03141443302,0.0003902817782554748
597,97546.4003123412,-0.0004573279065193426
598,97502.35300491375,-0.00045155236160859255
599,97541.8175242258,0.0004047545325399959
600,97520.53820870917,-0.00021815582338674115
601,97578.09063270593,0.0005901569562055329
602,97552.51069649504,-0.00026214835774133566
603,97560.05137757662,7.729868793466615e-05
604,97604.32247295874,0.0004537830265256599
605,97605.45114264321,1.1563726440328294e-05
606,97634.19329995285,0.0002944728698362577
607,97641.4907332576,7.474259844937119e-05
608,97651.2887537081,0.00010034689533024366
609,97651.90173810569,6.277279136941395e-06
610,97613.80913625493,-0.00039008561198243703
611,97691.84302306034,0.000799414421954205
612,97684.55531966667,-7.459889350172594e-05
613,97679.98226146236,-4.6814546980883373e-05
614,97703.45080697043,0.0002402595185291504
615,97708.69036408325,5.362714489127546e-05
616,97688.02889791974,-0.00021145986182516242
617,97691.87221279355,3.934274155379395e-05
618,97703.19782928252,0.00011593202415356343
619,97722.44359338492,0.0001969819261802702
620,97749.5024760789,0.0002768952729691058
621,97776.8921757494,0.00028020295732138103
622,97802.08291551737,0.0002576348992836833
623,97826.98175795318,0.00025458396890498024
624,97826.23780895253,-7.60474244714213e-06
625,97829.56991429858,3.406146879085669e-05
626,97922.3446163796,0.0009483298573457028
627,97748.38353630551,-0.0017765207803754172
628,97702.40970648559,-0.00047032828735057926
629,97585.07670885634,-0.0012009222493256607
630,97556.08981506943,-0.00029704228110000256
631,97432.3812133256,-0.0012680766723874165
632,97279.79718738364,-0.0015660504653775185
633,96960.02064951639,-0.0032871834349252316
634,97029.8330133939,0.000720011850346816
635,96712.9937863356,-0.003265379494310495
636,96691.11521213746,-0.00022622166207028607
637,96990.62332957229,0.0030975764089360477
638,97232.42939114917,0.0024930869941439233
639,97168.99909128841,-0.0006523574517056192
640,97374.75722552901,0.0021175285962069987
641,97416.72856702149,0.0004310289718646349
642,97226.64775192978,-0.0019512132863397577
643,97709.85001776133,0.0049698542221104786
644,97525.98997473417,-0.0018816940461349413
645,97935.32033749713,0.004197141324779221
646,98247.53403191948,0.003187958066062424
647,98422.07470012094,0.0017765399398700487
648,98713.2978445432,0.0029589210074017014
649,98504.76829412403,-0.002112476788563546
650,98370.78398380277,-0.0013601809601866246
651,98281.79615235196,-0.0009046164709377598
652,98481.63087243636,0.0020332831501636396
653,98087.80677836244,-0.003998959913489309
654,98198.24380967383,0.0011258996906816205
655,98104.02541811144,-0.0009594712482333383
656,98451.14529447252,0.0035382837236460794
657,98544.37807676017,0.0009469954057800465
658,98255.36035507156,-0.0029328686966139323
659,98149.83185311862,-0.0010740228479300014
660,97210.01925485862,-0.009575284852921816
661,97257.42608512378,0.0004876743223438925
662,97064.31497682462,-0.0019855667178579903
663,97550.48382898813,0.0050087290296088605
664,97998.38957257413,0.004591527648096453
665,98497.90806323141,0.005097211217816726
666,98785.85234907623,0.0029233543280936204
667,98766.83301762567,-0.00019253092419907708
668,99177.41246937052,0.0041570579839446346
669,99341.92139168632,0.0016587337602361034
670,99443.80021177034,0.0010255370407257528
671,99139.29573840802,-0.00306207599381627
672,99506.44983101742,0.003703416388776616
673,99723.03015026505,0.002176545536650502
674,99396.60806867394,-0.0032732868335353395
675,98869.79503206117,-0.005300110807088982
676,98807.50647759791,-0.0006300059026426218
677,98715.98143415268,-0.0009262964597328554
678,98753.59072271627,0.00038098480121654684
679,99050.53235263364,0.003006894511321111
680,99022.65229621793,-0.00028147305979594334
681,99046.48257195021,0.00024065479140066403
682,98880.64649259119,-0.0016743257817213712
683,99141.85246741779,0.002641628914169421
684,99312.93862390376,0.0017256703624959995
685,99190.22538994235,-0.0012356218198931136
686,99283.81923701384,0.0009435793366084226
687,99260.82819294123,-0.00023156889258781684
688,99338.45712146311,0.0007820701271098633
689,99188.29320542356,-0.0015116393025509753
690,99122.4818296911,-0.0006634994272575755
691,99062.144976762,-0.0006087100707663507
692,98913.1911156736,-0.0015036405795911178
693,98868.82029238286,-0.0004485834779999277
694,98859.76973539578,-9.154106380887051e-05
695,99006.2601714381,0.0014818002958575465
696,99160.17898813321,0.001554637216157607
697,99186.15359212019,0.0002619459167181774
698,99249.17118617996,0.000635346686785721
699,99562.74578465488,0.00315946818222489
700,99120.9203425794,-0.004437658268596891
701,99251.85173365919,0.0013209259016893323
702,99696.31815793748,0.00447816757586567
703,99845.61772860744,0.0014975434743081785
704,100038.81497349456,0.0019349596835814488
705,99929.86209348064,-0.0010891060639091966
706,99759.53357837947,-0.001704480638048281
707,100012.07873793601,0.0025315390970438887
708,99910.45532538378,-0.0010161113920901497
709,99961.9594239977,0.0005155025912572169
710,100082.46536473393,0.0012055179933507505
711,100336.2172652221,0.002535428154806143
712,100234.95983147698,-0.0010091812956977207
713,100184.66247379467,-0.000501794561167977
714,100502.64860059334,0.0031740000809189653
715,100338.56150785158,-0.0016326643628455308
716,99506.5630921012,-0.008291910938799656
717,99843.17457278696,0.0033828068242510966
718,99508.86776945423,-0.0033483190489803734
719,99750.17639050001,0.0024249961481308583
720,99999.28926232485,0.0024973677324600183
721,99907.82423450016,-0.0009146567790571169
722,100148.52948508016,0.0024092732718813156
723,100262.97204720098,0.0011427283326998913
724,100274.02065064861,0.00011019624914387785
725,100297.2553592417,0.00023171214679848018
726,100352.76544209584,0.0005534556519547968
727,100328.3734491667,-0.00024306248882814604
728,100385.14962086713,0.0005659034403581402
729,100158.98460938114,-0.0022529727986676574
730,100206.35413660643,0.00047294336509137106
731,100155.18634284228,-0.0005106242433927275
732,99861.7999266741,-0.002929318259804258
733,99565.406549496,-0.0029680355991554765
734,99638.10774496601,0.0007301852921563127
735,99706.69415168562,0.0006883551712479193
736,99267.37121334537,-0.004406152887507179
737,98940.44333406983,-0.0032934072422741005
738,99530.3616058837,0.0059623572720615674
739,99395.13738230948,-0.001358622850278584
740,99018.83203802901,-0.0037859532587903736
741,98746.99613554876,-0.0027452949796039168
742,99280.37829797706,0.0054015026613684555
743,99341.84295493636,0.0006191017602170626
744,99679.30508906569,0.0033969787965621714
745,99830.93901104602,0.0015212176875113886
746,99975.10498709712,0.0014441011722342197
747,100146.42263410949,0.0017136030718294202
748,100412.75629250756,0.002659442558134474
749,100402.94410394887,-9.771854613874046e-05
750,100234.52461343621,-0.0016774357765674097
751,100024.15603857138,-0.002098763631354849
752,100035.88714303773,0.00011728271380575426
753,100079.66612142554,0.00043763272999427117
754,100050.01194672902,-0.0002963056917128867
755,99993.0379486464,-0.0005694551852024692
756,99963.76854764401,-0.0002927143889499712
757,100170.60414664079,0.0020691056569981194
758,100121.01201827065,-0.0004950766623864832
759,100123.11187206754,2.0973157927425373e-05
760,100124.50504911211,1.3914639871780906e-05
761,100271.92478495979,0.001472364190718207
762,100263.98533774665,-7.917916435883281e-05
763,100430.33375567803,0.0016591043869942563
764,100531.22673096822,0.0010046065916262496
765,100866.30340113412,0.0033330605928305695
766,101010.77334236233,0.0014322914229707995
767,100919.86967156321,-0.0008999403508278493
768,100890.73170030498,-0.00028872382963892544
769,101084.48820993808,0.0019204589595864328
770,100846.8747538607,-0.002350642124080243
771,101044.96096203699,0.0019642275346632996
772,101009.24344888174,-0.00035348138902901186
773,100930.12895725675,-0.0007832401166831509
774,101012.00325672912,0.0008111978090014089
775,101148.1437778962,0.001347765778103277
776,101015.91298451294,-0.0013072982700862669
777,101256.96620109574,0.002386289540537693
778,101178.63165516676,-0.0007736213010116136
779,101191.81073756842,0.0001302555903953675
780,101365.0986723334,0.0017124699469446085
781,101605.77191537201,0.0023743206112449514
782,101600.30229619621,-5.383177621393202e-05
783,101194.45055377024,-0.003994591878701186
784,100720.42355807088,-0.004684318093584332
785,101029.70202444606,0.003070662884939764
786,101394.01665890815,0.003606015133786374
787,101378.04777074775,-0.0001574933974074596
788,101200.71011794583,-0.001749270741560737
789,101033.62175153363,-0.0016510592289071732
790,101312.82231209385,0.002763442067303438
791,101366.19859575083,0.0005268462810419656
792,101497.62944483051,0.0012965944358221014
793,101269.51532735828,-0.002247482219239708
794,101261.5058850186,-7.909035916475413e-05
795,101192.60068256818,-0.000680467882125483
796,101306.12277855126,0.0011218418660786363
797,101229.38812122951,-0.0007574533030891378
798,101337.71057923924,0.0010700692755350586
799,101392.9267347945,0.0005448727353287004
800,101527.73734855684,0.0013295859790591808
801,101557.19529753653,0.00029014680863560446
802,101496.54952002068,-0.0005971588456945041
803,101628.3003468218,0.0012980818306059046
804,101895.88171637236,0.002632941499930704
805,101840.44557613363,-0.0005440469163712041
806,101871.01344783453,0.00030015453612736143
807,101959.2873017356,0.0008665257261455103
808,101719.82397445619,-0.0023486171158765305
809,101695.65565718399,-0.00023759692386269977
810,101079.85853228105,-0.006055294308527857
811,101474.34106629225,0.0039026818966630926
812,101532.23703526455,0.00057054786819918
813,101406.28580466443,-0.0012405048315481332
814,101549.25585032339,0.0014098736042298561
815,101736.89278603402,0.0018477430891979463
816,101680.35672237785,-0.0005557085744210904
817,101554.26550152463,-0.0012400745327586383
818,101591.98287543883,0.00037140117874861486
819,101531.8775487934,-0.0005916345457998977
820,101603.79451347094,0.0007083190660289929
821,101407.64071293504,-0.0019305755407579034
822,101200.86039099039,-0.0020391000174238925
823,101110.2403422655,-0.0008954474139328179
824,100892.01060385078,-0.0021583346817889495
825,100135.98468374943,-0.007493417125661947
826,100437.15411698369,0.0030076044509414566
827,100418.93867445411,-0.00018136159561388536
828,100529.23709026197,0.0010983826085379197
829,100876.55976131652,0.003454941876686983
830,100837.33509672832,-0.00038883824627844194
831,101016.91924485723,0.0017809291365807232
832,100969.8719975876,-0.0004657363105242722
833,101063.7429897645,0.0009296930888370064
834,100937.68765741267,-0.001247285412381749
835,101010.99643225558,0.0007262775336375737
836,101293.95042296023,0.002801219676062135
837,101185.21652368864,-0.0010734490936286866
838,101318.53568281607,0.001317575469102618
839,101319.9884481712,1.433859407201101e-05
840,101348.7085017301,0.00028345891071204814
841,101347.70274109965,-9.923763660394487e-06
842,101367.59445134667,0.00019627194015267986
843,101489.62674117663,0.0012038589895565113
844,101647.75466252225,0.001558069789229734
845,101855.8353618477,0.00204707619972811
846,101906.54590118024,0.0004978658233215801
847,101369.14463016576,-0.005273471554375078
848,101218.06719243171,-0.0014903690692590094
849,101512.20646045097,0.0029059956999577595
850,101825.93266276858,0.003090526876093989
851,101900.7856357512,0.0007351071679405311
852,101991.37520688122,0.0008889977693974157
853,101707.72023149472,-0.002781166297749524
854,102052.51326217568,0.003390037943001528
855,102049.30295551682,-3.145739929618441e-05
856,101937.9987790785,-0.0010906902175201118
857,101937.2673168018,-7.175560492310409e-06
858,102436.01283833217,0.004892671097218821
859,102295.37905643768,-0.0013728939461596429
860,101991.37520688125,-0.002971823872794059
861,102035.81154019095,0.00043568716687619123
862,101831.54054022332,-0.002001953989332233
863,101500.21860647165,-0.0032536278248759968
864,101732.27501375573,0.0022862650984408275
865,101490.83150725393,-0.002373322590781927
866,102009.41794303988,0.005109687526295333
867,101757.3275967328,-0.0024712458064201576
868,101397.6411813623,-0.0035347470680042
869,100551.89808312255,-0.008340855747591103
870,100553.46259965883,1.555929391787239e-05
871,100967.47024827282,0.004117288832333178
872,101467.27232642511,0.004950129748950973
873,101510.69273990605,0.00042792530522800233
874,101597.24910931592,0.0008526822847288453
875,101134.75160727552,-0.004552264023829727
876,101359.93023731891,0.00222652081964663
877,100868.81427370249,-0.004845267379984933
878,101354.94207095975,0.004819406282879347
879,101401.65406468585,0.00046087534333949146
880,101602.59284761515,0.001981612477456646
881,101658.72241815383,0.0005524423045272453
882,101598.32060852878,-0.0005941625881998334
883,101744.292368049,0.0014367536652763312
884,101615.23661993917,-0.0012684323130675802
885,102066.3268689252,0.004439198923220744
886,102495.07253072379,0.004200657307372085
887,102371.35386554088,-0.0012070693949293933
888,102551.12715026515,0.0017560897451877205
889,102724.86190687779,0.0016941282016146475
890,102901.32111725121,0.0017177848390137758
891,102401.37368627098,-0.0048585132392085706
892,102727.0374035375,0.003180267075950311
893,102721.12086589281,-5.7594746176436745e-05
894,102939.06700088507,0.002121726604568533
895,102958.63630495057,0.0001901057065664521
896,102960.57798654876,1.8858851164648988e-05
897,102893.24941469122,-0.0006539257371528669
898,103040.67489394204,0.0014328003060399145
899,103053.04676046032,0.00012006779391751551
900,103074.41542391261,0.0002073559601003866
901,102825.81918411124,-0.002411813239773894
902,102774.45103167335,-0.0004995647284454545
903,102874.01558440969,0.0009687675461838088
904,103032.25755172581,0.0015382112423351633
905,103084.92693581067,0.0005111931480138757
906,102925.37357097538,-0.0015477855936653166
907,102850.68490761475,-0.0007256584141434253
908,102431.05803321711,-0.00407996188624867
909,102589.46265448905,0.0015464510892837892
910,102929.38909051086,0.003313463461317323
911,103059.14628380541,0.0012606428002836377
912,102208.9032271167,-0.008250049484665139
913,102572.2619986559,0.003555059882912563
914,101626.92737301724,-0.00921627940359788
915,101410.76026566727,-0.0021270652664379954
916,102023.28456585336,0.0060400326216021065
917,101977.8736145492,-0.0004451037966226343
918,102460.64072144077,0.00473403778466978
919,103118.23033327486,0.006417972864544844
920,103212.73228163474,0.0009164426896629259
921,103074.32393106242,-0.0013410007419884292
922,103341.28990200475,0.0025900336840517625
923,103192.82750378527,-0.001436622267442784
924,102975.55231636095,-0.0021055260591279572
925,103484.07974351328,0.004938331630308051
926,103573.81389779178,0.0008671300406875712
927,102984.4576204448,-0.00569020542131041
928,102451.62359276229,-0.005173926629261738
929,102930.81231262474,0.004677219384703821
930,103269.54934159426,0.003290919612493818
931,103383.63075989192,0.0011046956147768296
932,103914.81791627126,0.005138019940632785
933,103966.34872266502,0.0004958946897764397
934,104037.71314580254,0.0006864184807327311
935,104010.61093040589,-0.0002605037594269922
936,103999.47930030109,-0.00010702398539172046
937,104143.01125048327,0.0013801218154922382
938,104312.00871063123,0.0016227441296227628
939,104021.29526213201,-0.0027869605052439845
940,104008.94372735823,-0.00011874044389347489
941,104141.8726727922,0.00127805302765523
942,104133.91279482687,-7.643302123395362e-05
943,104587.25986745063,0.004353500799657748
944,104640.30538880843,0.0005071891301580439
945,104608.94397050915,-0.0002997068689999287
946,104579.12148347333,-0.0002850854420652388
947,104825.2878019005,0.0023538763276575577
948,104723.42046460448,-0.000971782090296004
949,104931.81163278628,0.001989919420672858
950,104992.26267390006,0.0005760983268383779
951,105280.6492847095,0.0027467415547101923
952,105632.32442306021,0.0033403587529145765
953,106064.45749222438,0.004090916975692583
954,105615.7912548088,-0.004230128056314008
955,105719.98160688445,0.0009865035411632606
956,105800.70113846139,0.0007635219979236641
957,105727.75638157481,-0.0006894543807521414
958,106102.55702741646,0.0035449597973969084
959,105410.31955114733,-0.006524229911728476
960,105400.06480121921,-9.728411764400779e-05
961,104896.7344682685,-0.004775427167905115
962,105007.4543754004,0.0010555133836448337
963,105149.71287057648,0.0013547466322488381
964,104750.74031419003,-0.003794328538752531
965,104520.71999488435,-0.0021958825170663382
966,104193.20630304793,-0.003133481015557982
967,103918.63014170772,-0.0026352597360484514
968,104083.04098953458,0.0015821113846735497
969,105220.63806956903,0.010929706407682914
970,105453.84991818907,0.002216407853997752
971,105272.85358195804,-0.0017163558881106737
972,106007.34481354312,0.00697702405315045
973,106226.00119568357,0.002062653135261913
974,106747.57207651706,0.004910011437526279
975,106566.97337344651,-0.001691829608462541
976,106283.32489762906,-0.0026616921438075425
977,106321.23608027142,0.00035669925342358874
978,106669.04999135327,0.0032713493926957702
979,106343.36750486113,-0.003053205091059992
980,106008.01625415108,-0.0031534759391056454
981,106175.99533639173,0.0015845884884585326
982,106453.6479227104,0.002615022213250637
983,107140.73709595439,0.006454350664834358
984,107184.51859972911,0.0004086354542763118
985,107457.22169960287,0.002544239629345719
986,107515.38078133795,0.0005412300896599602
987,107386.06629193848,-0.001202753396395328
988,107804.9205063488,0.0039004521617509373
989,108302.20262964803,0.004612796159614618
990,108252.91704580988,-0.00045507462121234814
991,108522.01005514777,0.002485780676228846
992,108696.29894780333,0.001606023446921163
993,108263.87288578409,-0.003978296098442957
994,108624.60987458147,0.00333201629668239
995,108548.59915674703,-0.0006997559569805786
996,108339.21390566403,-0.0019289539681728526
997,108692.7621054812,0.0032633447029162743
998,109070.12643880484,0.0034718441781563603
999,109450.44162874049,0.0034868868530102664
1000,108551.53954932847,-0.008212868454757981
1001,108630.67901229401,0.0007290496596741724
1002,108942.84197132991,0.0028736169365245045
1003,108805.2818258658,-0.0012626818152983391
1004,108790.82053566104,-0.00013290981799840166
1005,109038.87037958523,0.0022800622580365507
1006,109317.05663146137,0.00255125764699967
1007,108486.36956713234,-0.007598878801955958
1008,108453.85944518322,-0.00029967010674998167
1009,108516.13062131473,0.000574172062203115
1010,108865.91237407309,0.0032233157481348857
1011,109576.25942472475,0.006524972189741553
1012,109286.39469387835,-0.0026453242004079816
1013,109719.25530845119,0.003960791421341386
1014,108647.43167440186,-0.00976878334651613
1015,108614.85321762085,-0.0002998548265608409
1016,108840.92796316178,0.0020814348944336626
1017,108779.18837024114,-0.0005672461093086173
1018,109292.01428782193,0.004714375288730107
1019,109632.75912599533,0.0031177468948101385
1020,109883.6664015302,0.002288615898524667
1021,109467.13298557718,-0.0037906763543086204
1022,109401.06478651079,-0.0006035437054433687
1023,109481.94137502309,0.0007392669227683094
1024,109924.21860647437,0.00403972770209003
1025,110190.61773558341,0.002423479852631466
1026,110434.08284616595,0.002209490386620595
1027,110603.05036676678,0.0015300305507691798
1028,110992.0679804127,0.00351724127278508
1029,110494.62543003653,-0.0044817846845053135
1030,110524.6327598588,0.00027157275483297383
1031,110639.32454976515,0.0010377034244986193
1032,110632.26208710634,-6.383320476276203e-05
1033,110669.60309551132,0.00033752368161458005
1034,111229.57254374608,0.00505983063616374
1035,110939.43659697573,-0.002608442522389736
1036,110234.83932391113,-0.006351188492368944
1037,109837.87684902806,-0.0036010618541081896
1038,108589.40485941253,-0.011366497836912405
1039,108232.72788673457,-0.003284638801913867
1040,108110.82500082398,-0.0011263033676666885
1041,107899.98584626053,-0.0019502131684023766
1042,107899.98584626053,0.0
1043,107899.98584626053,0.0
1044,107899.98584626053,0.0
1045,107899.98584626053,0.0
1046,107899.98584626053,0.0
1047,107883.90453257228,-0.00014903907134112865
1048,107843.85136492811,-0.0003712617541765974
1049,107851.55389716737,7.142300781889418e-05
1050,107970.1728936521,0.00109983576683386
1051,108235.14000268283,0.0024540769170735685
1052,107857.71592295879,-0.003487075267003782
1053,107968.6323872042,0.0010283591052924947
1054,107957.84884206924,-9.987664839809244e-05
1055,107922.4171937686,-0.00032819890985843835
1056,107990.19947747415,0.000628064914297097
1057,107937.82225824714,-0.0004850182653652349
1058,107893.14757125938,-0.00041389279543597676
1059,107893.14757125938,0.0
1060,107913.17415508148,0.00018561497437876644
1061,107758.71982869627,-0.0014312833219348848
1062,107929.60755803845,0.0015858366693092378
1063,107821.29476666263,-0.0010035503123420198
1064,107787.92435938376,-0.000309497371099812
1065,107904.56890394236,0.0010821670910896456
1066,108163.17871171651,0.0023966529907028487
1067,108195.89820077796,0.00030250117878522225
1068,108283.9023437708,0.0008133778124335969
1069,108680.86954060991,0.0036659853241978527
1070,108912.53133418354,0.0021315783960218354
1071,108897.10225068076,-0.000141664905899961
1072,109011.90694996012,0.0010542493501348713
1073,109041.49347122932,0.0002714063270425585
1074,108970.7983471403,-0.0006483323167953061
1075,109277.13662402396,0.002811196040867601
1076,109419.65956252789,0.0013042338306710388
1077,109416.81034000216,-2.6039402216312647e-05
1078,109359.66393481112,-0.0005222817683450144
1079,109429.24815108052,0.0006362877661263492
1080,109451.98908762311,0.00020781406184176734
1081,109159.5807234971,-0.0026715673836856507
1082,109054.37121822828,-0.0009638137538776828
1083,109137.86356474909,0.000765602933546907
1084,109341.82406217862,0.0018688335172378084
1085,108848.14534014704,-0.004515003533788219
1086,108854.51672323007,5.853460399481966e-05
1087,108527.74645546812,-0.0030018990263195526
1088,108368.09157578534,-0.0014710973451227288
1089,108607.99320855514,0.002213766333626348
1090,108402.595065712,-0.001891188086393714
1091,108411.14469942173,7.886927157562137e-05
1092,108865.15747754142,0.004187879201704436
1093,109047.5641850199,0.0016755288074250595
1094,109254.90097092079,0.001901342661346328
1095,109482.17964130898,0.0020802606415678397
1096,108768.04017335073,-0.006522883178778083
1097,108943.12795872353,0.0016097355904710522
1098,108657.65732284353,-0.0026203638653387365
1099,108526.59198263599,-0.0012062227682502994
1100,108468.83566726946,-0.0005321858386170739
1101,108178.79070507339,-0.0026739935061696534
1102,107830.41219109473,-0.003220395714428388
1103,107836.83803044345,5.959208740979871e-05
1104,107472.66362508634,-0.0033770871995922615
1105,107139.07543286285,-0.003103935279646437
1106,106946.03886232614,-0.001801738252423844
1107,107261.97233322034,0.00295413906167118
1108,106778.3885414185,-0.004508436506272127
1109,106642.18252973196,-0.0012755953105032505
1110,106832.66816218864,0.0017862128093971256
1111,107356.01465775566,0.004898749648117951
1112,107536.33024463254,0.0016796039556023644
1113,107534.36981906852,-1.8230355820760632e-05
1114,107263.63504867801,-0.002517658036644686
1115,107051.53878515781,-0.0019773361533380615
1116,107046.76841628537,-4.4561422718081034e-05
1117,107055.56854881719,8.22082970088534e-05
1118,107576.49718618859,0.004865964885645764
1119,107231.04841930284,-0.0032111918116078165
1120,107480.74128863958,0.0023285501076178603
1121,107600.56685561343,0.00111485616434358
1122,107674.03924925148,0.0006828253399131455
1123,107595.75292172848,-0.0007270678063983248
1124,108037.71997388259,0.004107662618204208
1125,108270.98883349414,0.002159142748180486
1126,108358.00994603013,0.0008037343472482073
1127,108580.34398749574,0.0020518468507897073
1128,108553.31189721859,-0.0002489593354046583
1129,108754.27730003641,0.0018513060477427343
1130,108812.39302675634,0.0005343764692545249
1131,108896.53884846513,0.0007733110114405218
1132,108518.80840729192,-0.0034687093379418927
1133,108620.94657917714,0.0009412024826320225
1134,108609.2295024257,-0.00010787124509995919
1135,108616.26813976404,6.480699081074919e-05
1136,108606.29673686808,-9.18039541105388e-05
1137,108602.77741819891,-3.240437041783732e-05
1138,108599.25809952973,-3.240542049508659e-05
1139,108693.69315048565,0.0008695736288492018
1140,108697.21246915482,3.237831531125322e-05
1141,108765.83918320356,0.0006313567063018367
1142,108797.51305122605,0.00029121154454700486
1143,108845.02385325979,0.0004366901476081338
1144,108784.60888277243,-0.0005550549611601717
1145,108764.6660769805,-0.0001833237807880355
1146,108954.70928511543,0.001747288112854851
1147,108978.17140957653,0.00021533832374052322
1148,108999.28732159152,0.0001937627668171627
1149,108920.68920464684,-0.0007210883564109672
1150,108859.10112793645,-0.0005654396530183063
1151,108925.38162953906,0.0006088650458790973
1152,108996.62905686162,0.0006540938967272575
1153,108858.07217740522,-0.001271203345051423
1154,108979.6516029113,0.0011168618281972153
1155,109031.10534530587,0.0004721408229678779
1156,109035.37414850641,3.915215925798977e-05
1157,108876.15756501065,-0.0014602287077852957
1158,108741.73914361894,-0.001234599240072094
1159,108665.38948026845,-0.0007021192041966816
1160,108684.15917983731,0.0001727293267767927
1161,108814.21103917656,0.0011966036294585524
1162,108770.64317750366,-0.0004003876079863041
1163,108819.16415434059,0.00044608522501534694
1164,108810.53128856418,-7.933221913171834e-05
1165,108706.13569680692,-0.0009594254390726926
1166,108822.53390316117,0.001070760225337208
1167,108782.07260056044,-0.0003718099657259327
1168,108709.17708331114,-0.0006701059789231383
1169,108749.59493753324,0.0003717979963287173
1170,108646.31814152577,-0.0009496752246921627
1171,108788.18795985282,0.0013057949938279963
1172,108664.58818474038,-0.0011361506927391439
1173,108740.99215856419,0.0007031175022160415
1174,108807.60938510118,0.0006126229420444427
1175,108794.85728597277,-0.00011719859668332363
1176,108824.26097621176,0.00027026728075667917
1177,108787.3624406588,-0.0003390653446386695
1178,108597.02595596811,-0.0017496194449472752
1179,108612.42840619307,0.00014183123422916246
1180,108678.698045701,0.0006101478484588953
1181,108708.24294317054,0.0002718554601851134
1182,108660.98196931396,-0.0004347506001113544
1183,108634.90208004028,-0.00024001153680937252
1184,108702.99655145076,0.0006268194669178962
1185,108618.98911136645,-0.0007728162309175152
1186,108505.1217730675,-0.0010483188918485513
1187,108633.21845536833,0.001180558854804322
1188,108644.98210388287,0.00010828776576623154
1189,108563.41863509658,-0.0007507338784253467
1190,108493.34726245832,-0.0006454418396106066
1191,108461.22804855487,-0.00029604777356291237
1192,108555.46758180694,0.0008688776159707524
1193,108484.74448348921,-0.0006514927335596623
1194,108376.50371022307,-0.000997751101147843
1195,108544.77928066356,0.0015526942158090849
1196,108618.02238494187,0.0006747731651740464
1197,108601.82580435758,-0.00014911503844996333
1198,108764.68766712157,0.0014996236164332483
1199,108750.46956799137,-0.00013072348604278562
1200,108780.19052687539,0.00027329499359477567
1201,108616.1121422607,-0.0015083480164906793
1202,108822.77965345256,0.001902733462979829
1203,108933.05953157997,0.0010133896457949138
1204,109112.00772345914,0.0016427353885832832
1205,109118.3944631754,5.85337933880442e-05
1206,108894.98891473406,-0.002047368361131215
1207,108784.06819027456,-0.0010186026516460322
1208,108596.98450851874,-0.0017197709634152048
1209,108434.133507557,-0.001499590450865392
1210,108214.59476071256,-0.002024627667902556
1211,108345.67499012669,0.0012112989907136736
1212,107767.59901319178,-0.005335478107341018
1213,107905.84803208336,0.0012828440102358185
1214,107720.27414083866,-0.0017197760328013303
1215,107830.92332024222,0.0010271899165321748
1216,108201.08267872788,0.003432775562779119
1217,107950.51176288805,-0.002315789358446843
1218,107814.22873020168,-0.0012624584215564616
1219,107864.21474410324,0.0004636309556750766
1220,108081.99387898506,0.002019011916032274
1221,108237.11127675297,0.0014351826072121839
1222,108406.85952213618,0.0015682998500316063
1223,108463.60157703007,0.0005234175691835525
1224,108561.99864350859,0.0009071897396716466
1225,109037.26905845394,0.004377870902193182
1226,108826.08303753087,-0.001936824195494585
1227,109173.4434731179,0.0031918858594520323
1228,109038.26834425985,-0.0012381685926334423
1229,109120.55735801869,0.0007546801229366194
1230,109262.87955274967,0.0013042656505504885
1231,109266.68118353316,3.4793433955194496e-05
1232,109503.66398477263,0.0021688478012928665
1233,109429.97751838667,-0.0006729132496991454
1234,109294.19412860327,-0.0012408244327802734
1235,109263.36833385039,-0.0002820442110273083
1236,109258.13294517146,-4.7915314700434966e-05
1237,109104.67740314602,-0.0014045228294579466
1238,109115.73471782483,0.00010134592706725213
1239,109347.5473011988,0.002124465220102567
1240,108990.82399208215,-0.0032622890766268657
1241,108680.4479931172,-0.002847725960742381
1242,108811.1589212552,0.0012027087719246204
1243,109087.76557706072,0.0025420798615486905
1244,109018.81485645076,-0.0006320664855974619
1245,108477.5712509066,-0.0049646806953169455
1246,108253.99191362943,-0.002061065109579435
1247,108040.18819836689,-0.001975019225462977
1248,108445.02929140005,0.00374713428201226
1249,108421.56779856491,-0.0002163445663525542
1250,108344.1122868022,-0.0007143921023776673
1251,108265.37508237535,-0.0007267326554712764
1252,108105.60883324935,-0.0014756910877963612
1253,108103.91439210014,-1.56739429849214e-05
1254,108142.79964411393,0.0003597025346626872
1255,107789.24798125094,-0.0032693037726643447
1256,108015.39070385639,0.002098008167241295
1257,108080.02928897766,0.0005984201390197398
1258,108206.58014685835,0.0011708995520562484
1259,108175.39591263163,-0.0002881916625068884
1260,108159.79633873855,-0.00014420630274995347
1261,108258.57129274639,0.0009132316937660888
1262,108410.34137321182,0.0014019220709556356
1263,108389.9394935427,-0.0001881912685699213
1264,108413.0782107284,0.00021347661317856683
1265,108376.25530595974,-0.0003396537149982398
1266,108440.44658589431,0.0005923002206834658
1267,108459.60444851044,0.00017666713130827573
1268,108556.63777864409,0.0008946494930256966
1269,108611.5674068967,0.0005059997193781775
1270,108513.5172280415,-0.0009027600024210925
1271,108814.43954439125,0.002773132085631118
1272,108735.49314045421,-0.0007255140426912524
1273,108622.03878522103,-0.00104339762442263
1274,108567.95108726471,-0.0004979440504084026
1275,108681.00519353301,0.001041321173846514
1276,108562.72621564213,-0.0010883132492218225
1277,108457.02803629589,-0.0009736139007442308
1278,108550.04805924116,0.0008576670837241439
1279,108520.99214789903,-0.000267672947747349
1280,108633.66764028162,0.001038282917917299
1281,108873.28695976768,0.0022057555884011527
1282,108796.3634357342,-0.0007065417622772681
1283,108774.18747957211,-0.000203829939363633
1284,108601.52873015594,-0.0015873136211527888
1285,108448.94733422117,-0.0014049654523178177
1286,108560.42207970915,0.0010279006687305488
1287,108632.55343370371,0.0006644350916542069
1288,108692.3527925642,0.0005504736561032796
1289,108784.53986496096,0.0008481468109600836
1290,108937.88930620669,0.0014096620846684679
1291,108927.374657724,-9.651966409169489e-05
1292,109090.47070214147,0.0014972916122320062
1293,109165.74996015705,0.0006900626382036393
1294,109271.48059212205,0.000968533006035327
1295,109366.95569698975,0.0008737422093151275
1296,109359.06035448366,-7.219129814638813e-05
1297,109421.09894403954,0.0005672926354230623
1298,109416.57721249036,-4.13241284615908e-05
1299,109045.98994117287,-0.003386938988210054
1300,109175.08645865502,0.001183872213474244
1301,109177.71512077565,2.4077490624650275e-05
1302,108941.65477181513,-0.0021621660491741267
1303,108747.90182019603,-0.0017785020066468289
1304,108453.54575037815,-0.0027067747045323868
1305,108249.67839924122,-0.001879766583253695
1306,108474.69404027908,0.0020786726054553943
1307,108574.59401840442,0.0009209519234803483
1308,108560.57448709413,-0.0001291234974169697
1309,108524.97396429928,-0.00032793233605339
1310,108694.71197802578,0.0015640456525917784
1311,108694.13864842747,-5.274677929464069e-06
1312,108287.35588963762,-0.003742453492415048
1313,108137.5654189174,-0.0013832683371905673
1314,107983.36139204392,-0.0014259986922777442
1315,108078.1122213238,0.0008774576755013582
1316,108075.47274166351,-2.4421963023200378e-05
1317,108010.10234991353,-0.0006048587167067293
1318,108195.82868715595,0.0017195274627250098
1319,107866.14253303304,-0.003047124442072591
1320,108130.6530111186,0.0024522104144453997
1321,108246.30332688881,0.0010695423781294138
1322,108551.44448367915,0.0028189522174154
1323,108519.31737334344,-0.00029596207114998834
1324,108639.44040180909,0.0011069276085876856
1325,108550.00040374203,-0.0008232737368331398
1326,108730.61915221842,0.0016639221354638216
1327,108661.84095699358,-0.0006325559052373029
1328,108915.76449592979,0.0023368234579857596
1329,108503.61637151416,-0.003784099816248761
1330,108461.4115698989,-0.00038897138202965823
1331,108346.6401276463,-0.0010581776559181132
1332,108149.68438677513,-0.0018178297050940844
1333,107736.20107959234,-0.00382325024365349
1334,107708.80269500466,-0.00025430991916491636
1335,107942.3511278113,0.0021683319001136844
1336,107638.80872360161,-0.002812078864673661
1337,107854.98892529086,0.002008385305009934
1338,107976.28430935691,0.001124615423678473
1339,107651.5852286173,-0.003007133305396159
1340,107419.89302551134,-0.0021522414427426004
1341,107183.38113827031,-0.0022017512825567584
1342,106971.72753181602,-0.001974686786389325
1343,106962.18585984592,-8.91980730823134e-05
1344,107252.79978701763,0.002716978199683603
1345,107693.50779647693,0.004109058321409341
1346,107810.73250137488,0.0010885029868231825
1347,107671.13534376884,-0.001294835443254718
1348,107528.25993253945,-0.001326961128191226
1349,107770.98096240494,0.0022572766453932604
1350,108030.18010154308,0.0024050921391219706
1351,108126.26984020002,0.0008894712437452366
1352,107992.91439065181,-0.0012333307136673855
1353,107779.50225079691,-0.0019761679834188954
1354,107430.62876337081,-0.0032369187103340547
1355,107175.31576594518,-0.0023765382402069373
1356,107134.86949773057,-0.00037738417587629744
1357,106877.92822863771,-0.0023982973078462396
1358,106576.29632985093,-0.0028222094476001705
1359,106112.93363392791,-0.004347708748378137
1360,106319.4961776359,0.0019466292810317812
1361,106472.7599621024,0.0014415397925742611
1362,106576.77395620666,0.0009769070900509335
1363,107235.49668676696,0.006180734376806822
1364,107276.51827763734,0.00038253742592543377
1365,107253.64648828462,-0.00021320406105579767
1366,107065.77650331672,-0.0017516419359076664
1367,106934.52695179151,-0.0012258777343398279
1368,106607.76539360675,-0.0030557161236808668
1369,106938.17428032617,0.00309929474179976
1370,107058.56868740302,0.0011258318919981957
1371,107421.27162885632,0.003387892682484403
1372,107433.16886717176,0.00011075309512741109
1373,107295.85128989989,-0.0012781674292939357
1374,107493.93596579373,0.0018461541011369517
1375,107654.50526247395,0.001493752138086527
1376,107671.8843487358,0.00016143389651436283
1377,107759.42023356743,0.0008129873955592758
1378,107864.5088869721,0.0009752154677230883
1379,107742.6707456836,-0.0011295480093100657
1380,107701.2366593242,-0.0003845652430243158
1381,107622.30890404012,-0.0007328398236851345
1382,107864.02040547194,0.002245923767044667
1383,108022.89629961825,0.0014729276133884377
1384,107939.55050054367,-0.0007715567896218126
1385,107748.44568253017,-0.001770480024488726
1386,107716.42352527648,-0.0002971936815499794
1387,107698.67735627257,-0.00016474896235066418
1388,107547.58171089194,-0.0014029480128227706
1389,107577.428030346,0.0002775173460832053
1390,107713.15874737229,0.001261702566341304
1391,107410.89203269906,-0.002806219018997901
1392,107638.77999531763,0.00212164668131786
1393,107712.97557501463,0.0006893015667793563
1394,107781.82683180575,0.0006392104240327142
1395,107846.12032934451,0.0005965151958232651
1396,107877.72294846321,0.00029303436249903466
1397,107857.50934005316,-0.00018737518606792806
1398,107984.74947955967,0.0011797058942399027
1399,107877.23269303536,-0.0009956663977321004
1400,107901.34140775683,0.00022348288067480804
1401,107906.81502879751,5.07280166239057e-05
1402,108148.97966046899,0.0022442014585165432
1403,108137.52600069293,-0.0001059063137906289
1404,108248.28062800999,0.0010242016015453888
1405,108231.51496986179,-0.00015488151914221676
1406,108209.92756876929,-0.00019945577864737379
1407,108109.02653680989,-0.000932456330268493
1408,108024.13153645663,-0.0007852720820159128
1409,108121.19133632742,0.0008985010894354536
1410,108262.79434364339,0.001309669321673505
1411,108332.72308489135,0.0006459166482068694
1412,108355.85667617938,0.0002135420455545329
1413,108271.50580547682,-0.0007784615736520701
1414,108310.6723654824,0.0003617439298937789
1415,108359.18610315093,0.00044791281052017335
1416,108519.83364824134,0.0014825466198819456
1417,108532.73051813162,0.00011884343586510996
1418,108257.13693118711,-0.0025392670545449857
1419,108543.12824313996,0.00264177790083851
1420,108647.77353358683,0.0009640895019393536
1421,108632.03148567265,-0.0001448906627556079
1422,108805.818953714,0.0015997810743719931
1423,108931.24891933304,0.0011527872941462741
1424,108967.32848636984,0.0003312141134406149
1425,108952.636985801,-0.00013482482109911228
1426,109012.53434675593,0.000549755954623993
1427,108718.65046115681,-0.0026958724275165163
1428,108901.17632814305,0.0016788827511379403
1429,109175.66010609698,0.0025204849681959448
1430,109156.54553183292,-0.00017508091314030294
1431,109015.91764795035,-0.001288313799208154
1432,109127.64201127859,0.0010248444973789432
1433,109500.43547107329,0.003416123109818256
1434,109540.3724324655,0.00036471965814936644
1435,109447.51482197632,-0.0008477021615609902
1436,109427.73759477129,-0.00018070055987300093
1437,109341.91057036286,-0.0007843260428745182
1438,109315.29670427929,-0.00024340041201726992
1439,109589.05318022489,0.002504283336358499
1440,109515.07309741926,-0.000675068181161898
1441,109338.51649432389,-0.0016121671483369476
1442,109494.04060082205,0.0014224091517303352
1443,109704.96895809015,0.0019263912091534573
1444,109624.1468489837,-0.000736722409878591
1445,109651.95133539208,0.00025363468914081806
1446,109823.56767225295,0.0015651006185556783
1447,109826.48668349313,2.6579096837494475e-05
1448,109803.83257278838,-0.00020627183285955837
1449,109751.51931970431,-0.00047642465529977926
1450,109816.49573762924,0.0005920320586693615
1451,109724.24404769321,-0.0008400531205842963
1452,110123.22176353807,0.0036361855969720366
1453,110262.05223925147,0.0012606830193499603
1454,110218.20756890514,-0.00039764061575043615
1455,110140.312730078,-0.0007067329486232217
1456,110215.19345370104,0.0006798666334508389
1457,109914.29252111018,-0.0027301220744782913
1458,110253.3557757117,0.003084796770505397
1459,110162.14173199348,-0.0008273130833655861
1460,110228.00207077064,0.0005978491135130382
1461,109996.12931752668,-0.0021035739457120886
1462,109999.68696170201,3.23433578746961e-05
1463,109506.12971467059,-0.004486896832745127
1464,109227.87033235628,-0.0025410393284773904
1465,109077.72457169625,-0.0013746103462712969
1466,109003.71129835056,-0.0006785370123579922
1467,108973.75132263308,-0.0002748528041901863
1468,109080.85398092456,0.0009828298740895624
1469,109306.98399372493,0.0020730495274628785
1470,109631.77275009199,0.0029713449635176557
1471,109637.73509820072,5.438522026184889e-05
1472,109586.46768877248,-0.0004676073377684979
1473,109544.95634986831,-0.00037879986260752456
1474,109730.55227787448,0.001694244392351453
1475,109208.45701475738,-0.004757975352160387
1476,109034.90656718444,-0.0015891667396188277
1477,109202.23662764215,0.0015346467083418198
1478,109373.8435473785,0.001571459752436349
1479,109631.94294603249,0.0023597908812829876
1480,109744.7005017015,0.0010285100549984872
1481,109719.604835767,-0.00022867314612729926
1482,110054.79201507867,0.003054943369632023
1483,110023.89870678431,-0.00028070843376011784
1484,109995.08618111719,-0.00026187515626846964
1485,110101.54099679652,0.0009678142849403589
1486,110454.33522066128,0.0032042623624588427
1487,110389.98468458198,-0.0005825985548755254
1488,110586.14923147325,0.0017770139877433828
1489,110489.76891743248,-0.0008715405564853896
1490,110504.9163561359,0.0001370935865994044
1491,110253.71812835913,-0.002273185990813379
1492,109913.71605098914,-0.003083815068931853
1493,109990.78187088034,0.000701148343082514
1494,109978.43992009918,-0.00011220895579831013
1495,109591.9578804011,-0.0035141618664427557
1496,109582.91553478874,-8.250920767582045e-05
1497,110148.79507614423,0.005163939457112345
1498,109910.48232811986,-0.002163552927289208
1499,109853.92237396161,-0.0005146001815313935
1500,110020.03361187775,0.0015121102126026754
1501,110086.58022460846,0.000604859047448369
1502,110014.01087166114,-0.0006592025367603711
1503,110203.34562016641,0.0017210057792196958
1504,110150.73860398078,-0.0004773631498171144
1505,110079.17395610145,-0.0006496973945550258
1506,110006.30264261451,-0.000661990010172107
1507,109927.45800063561,-0.0007167284063263839
1508,110002.30029291722,0.0006808334663863839
1509,110086.53081288378,0.0007657159872319541
1510,110313.61611902759,0.00206278919380045
1511,110202.11032704992,-0.0010108071505638596
1512,110136.69461334025,-0.000593597649949952
1513,110214.3760809098,0.0007053186755082999
1514,110283.74830936067,0.0006294299429681267
1515,110287.90843902554,3.77220554127888e-05
1516,110231.73291328632,-0.0005093534416810313
1517,110233.32533378054,1.4446116849766015e-05
1518,110622.40490450122,0.003529600232439401
1519,110924.52950006835,0.0027311338587147735
1520,111173.41545613644,0.0022437413725334555
1521,111056.3036734919,-0.0010534153526186388
1522,111399.34080251794,0.0030888577926612855
1523,111424.81402032007,0.0002286657857991888
1524,111098.97944071607,-0.002924255090473524
1525,110971.2386645305,-0.0011497925258058476
1526,111173.63035025162,0.001823821092355098
1527,110897.15529586312,-0.002486876191030873
1528,110881.24211113188,-0.00014349497684399334
1529,110830.1303723622,-0.00046095929118888853
1530,111178.51230373912,0.0031433864618441738
1531,111149.42996682382,-0.0002615823535743584
1532,111337.96373717133,0.0016962189586018845
1533,111653.68176304731,0.002835672714666017
1534,111551.28196213143,-0.0009171197877129292
1535,111062.43642093167,-0.004382249424670051
1536,109916.0810086766,-0.0103217203691654
1537,110197.33883465327,0.0025588414670140954
1538,110136.56237080794,-0.000551523879687678
1539,110854.90380676374,0.006522279436480954
1540,111011.31366195095,0.0014109421398248248
1541,111061.13603602978,0.0004488044725834723
1542,111321.89626948567,0.002347898128570216
1543,111455.68163142272,0.0012017883850376344
1544,111844.99262657508,0.003492966795894588
1545,111921.84757831716,0.0006871559462540409
1546,112246.59115702893,0.002901520889248369
1547,111964.65007796821,-0.002511800814211769
1548,112122.19501489174,0.0014070953360173675
1549,112059.78755981354,-0.000556602152409777
1550,112409.87762390054,0.003124136424943079
1551,112562.1108191063,0.0013542688456179089
1552,112400.59860621097,-0.0014348719273299451
1553,112276.62123209304,-0.001102995674892078
1554,112501.80822433536,0.0020056445390960777
1555,112808.01580809012,0.002721801441130275
1556,112291.27811276655,-0.004580682424222773
1557,112193.04395162102,-0.0008748155938423088
1558,111892.48973612607,-0.0026789024070383682
1559,111433.12876954435,-0.004105378007630683
1560,111819.49736835095,0.003467268693546956
1561,111792.81743744077,-0.00023859820101227952
1562,111810.8960936399,0.0001617157221147239
1563,112076.26277530745,0.0023733526063980303
1564,112390.37185037266,0.002802636948154999
1565,112703.32380327943,0.002784508563806433
1566,112723.49078946926,0.00017893869949246792
1567,112590.27847850593,-0.0011817617608394007
1568,112876.02153037295,0.002537901635278101
1569,113087.82998642152,0.0018764698930462658
1570,113130.69860733874,0.00037907368920552496
1571,113017.87368678591,-0.0009972971257290902
1572,112745.93895934291,-0.0024061214263917047
1573,112521.23134628052,-0.001993043963591606
1574,112836.52509403175,0.0028020822735303303
1575,112786.4983564699,-0.0004433558860498306
1576,112954.44424041985,0.0014890601835970453
1577,113046.98147464947,0.0008192438540324012
1578,112954.89558652023,-0.000814580689621421
1579,113200.31502859973,0.0021727207201173034
1580,113504.08223780537,0.0026834484438396145
1581,113329.15177295209,-0.0015411821443282955
1582,113631.84703516932,0.0026709390962677874
1583,113460.36936798393,-0.0015090634506040245
1584,113617.40305350765,0.001384039963896156
1585,113424.74597056209,-0.0016956652569749778
1586,113355.10890910032,-0.0006139494593168507
1587,113306.16606634081,-0.0004317656542394327
1588,113172.83842828969,-0.0011767024044663631
1589,112941.95233064228,-0.0020401193506666047
1590,113070.88498604098,0.0011415833774615072
1591,112785.84299817472,-0.002520914096510939
1592,112712.90546835393,-0.0006466904700261173
1593,112521.20749587164,-0.0017007632949015338
1594,112374.11380175909,-0.0013072530715417432
1595,112178.03777210318,-0.0017448505089152858
1596,112565.01063491318,0.0034496312334874194
1597,112810.58804812784,0.002181649624776758
1598,112989.54113510074,0.0015863146364998254
1599,113338.78710574552,0.0030909583943455536
1600,113330.50490480363,-7.307472713794499e-05
1601,113001.6146432858,-0.0029020453212848553
1602,112971.0641541166,-0.0002703544481700115
1603,112697.00680196821,-0.002425907502955952
1604,112511.37379270977,-0.0016471866869067879
1605,112681.97697682567,0.0015163194472252294
1606,112725.90423604478,0.00038983394148426465
1607,112887.11377944665,0.00143010202042191
1608,113247.50799877073,0.0031925186786880898
1609,113228.92946491399,-0.00016405247395771819
1610,113349.25833527427,0.0010627043011792966
1611,113641.02538003615,0.002574053408438506
1612,113656.02699604743,0.00013200880545631685
1613,113775.9835058749,0.0010554346566385847
1614,113509.56518647537,-0.0023416041873703416
1615,113389.90205161317,-0.0010542119042181428
1616,113413.03353925742,0.0002039995381046457
1617,113316.4116228194,-0.0008519472006238107
1618,113103.90659510983,-0.0018753243653435803
1619,112930.88306753065,-0.0015297749899884124
1620,112752.13308630291,-0.00158282638346882
1621,112639.04267902745,-0.0010030001577790257
1622,112465.37598325522,-0.0015417983999305046
1623,112461.06562799662,-3.832606454119034e-05
1624,112258.30967605514,-0.001802899081644424
1625,112143.79188673719,-0.0010201275045776464
1626,111345.28583284917,-0.007120376798873494
1627,111414.95110344222,0.0006256687929980457
1628,111773.93486620262,0.0032220429951730655
1629,111596.43172857721,-0.0015880548344110491
1630,112038.49138293811,0.003961234669546266
1631,112063.55801698775,0.0002237323418070633
1632,111860.88669244012,-0.001808539083837689
1633,111819.18231276535,-0.0003728236107177209
1634,111668.69788107369,-0.001345783689159405
1635,111750.14892671285,0.0007293990812527017
1636,112052.39284282971,0.0027046399402570215
1637,111934.15144818368,-0.0010552331069973672
1638,111884.67609592543,-0.0004420040855999105
1639,112237.16793225087,0.003150492530569908
1640,112429.51030611286,0.0017137137136076222
1641,112600.47852903481,0.0015206703511957394
1642,112249.29632228127,-0.0031188340524057594
1643,112377.03557591393,0.001137996030424311
1644,112478.22404882309,0.0009004372858794249
1645,111844.83345943839,-0.005631228575495278
1646,111615.52515678163,-0.0020502359882355278
1647,111597.21272960473,-0.00016406702518489968
1648,111924.37386745746,0.002931624633362908
1649,111492.20730213117,-0.0038612372836507136
1650,111578.06079629192,0.00077004031257629
1651,111650.71725399692,0.0006511715402336355
1652,111810.35774079233,0.0014298205217281037
1653,111789.45963471694,-0.00018690670969712724
1654,111721.1686089184,-0.0006108896672521265
1655,112100.6365757429,0.003396562813917844
1656,112335.28413742373,0.002093186701239547
1657,112115.29994958261,-0.0019582822042983356
1658,112256.69516969193,0.0012611590048183
1659,112197.87377310592,-0.0005239900969567167
1660,112626.40247851015,0.0038194013040819454
1661,112840.80115219399,0.0019036271155402698
1662,112795.33349987573,-0.0004029362770734187
1663,112489.43985079815,-0.002711935322022126
1664,112361.11853957795,-0.0011407409565770263
1665,112080.14143261274,-0.002500661355255624
1666,111959.7786395605,-0.0010738993680213876
1667,111458.25767399694,-0.004479474429635604
1668,111845.39313019559,0.003473367198426736
1669,111253.37340318615,-0.005293197247027294
1670,110915.26510532177,-0.003039083557844709
1671,110920.32452896723,4.561521482780739e-05
1672,110553.06857806575,-0.0033109887882231226
1673,110987.48501983612,0.003929483345490612
1674,110939.64436350718,-0.0004310455031969864
1675,110626.20635262199,-0.002825302106235267
1676,110724.74198614185,0.000890707878075181
1677,110418.43418070384,-0.002766389877669055
1678,111089.18838984192,0.006074657860483432
1679,111410.85356085855,0.002895557845718041
1680,111223.56533865548,-0.0016810590370424322
1681,111646.8219455265,0.003805458003277297
1682,111522.87725962793,-0.0011101497000878284
1683,111400.27578354672,-0.0010993392485361998
1684,111453.39973182404,0.00047687447722783154
1685,110755.3559765629,-0.006263099707507982
1686,110701.22462092253,-0.0004887470692777454
1687,110461.65195657797,-0.0021641374353799773
1688,110723.56667755159,0.002371091834445571
1689,110736.2823971561,0.00011484203395962614
1690,111022.63234339085,0.0025858728506683647
1691,111268.93225023741,0.002218465745657833
1692,109744.66793369345,-0.01369892103499291
1693,108055.35385745854,-0.015393131238554248
1694,107824.56802400271,-0.002135811185813916
1695,107545.18303189473,-0.0025911069919220845
1696,107955.53363110377,0.003815611147245278
1697,107885.6867206001,-0.0006469970380799082
1698,108007.91881398152,0.0011329778499530444
1699,108208.72868167958,0.0018592143048686955
1700,108215.2768295393,6.051404484172274e-05
1701,108199.09793208988,-0.00014950659392488889
1702,108159.9294126414,-0.00036200412200333736
1703,108232.76911547537,0.0006734444375982284
1704,108309.73182035655,0.0007110850577893488
1705,108256.13279374289,-0.0004948680576789661
1706,108297.36281421491,0.0003808562102490704
1707,108374.32551909609,0.0007106609328355415
1708,108344.09017074991,-0.00027898995635131476
1709,108474.65190224472,0.001205065558158899
1710,108510.38458665385,0.00032941045472374393
1711,108422.4272096468,-0.0008105894872836577
1712,108440.98071885924,0.0001711224300166044
1713,108375.69985311182,-0.0006019944241989252
1714,108361.95651295446,-0.0001268120083743452
1715,108313.85482240374,-0.0004438983209478743
1716,108551.61460712593,0.002195100387776001
1717,108713.78602098268,0.0014939567176746756
1718,108759.13904350191,0.00041717820875551313
1719,108794.87172791103,0.00032854879804469376
1720,108580.47562145637,-0.0019706453351116494
1721,108425.17587767828,-0.001430273194966494
1722,108554.36327515739,0.001191488936341261
1723,108643.69498618018,0.0008229214222956189
1724,108482.89790633916,-0.0014800406030140846
1725,108562.6092792518,0.0007347828501176545
1726,108675.3046685421,0.0010380681713388002
1727,108715.16035499841,0.0003667409682253057
1728,108739.89836728167,0.00022754887361113043
1729,108543.36860303153,-0.0018073381270444526
1730,108529.6252628742,-0.00012661611975219738
1731,108572.22961736197,0.00039255967561475295
1732,108502.13858255948,-0.0006455705574943162
1733,108531.68676389777,0.00027232810084950427
1734,108536.49693295284,4.4320411840135944e-05
1735,108672.55600051062,0.0012535789471980494
1736,108606.58796775533,-0.0006070348870324179
1737,108554.36327515739,-0.000480861185082393
1738,108463.65723011886,-0.0008355817518694379
1739,108491.14391043357,0.00025341834321883583
1740,108518.63059074829,0.0002533541386326307
1741,108580.47562145637,0.0005699024247857006
1742,108625.8286439756,0.00041769040206972373
1743,108476.02623626047,-0.0013790680318408021
1744,108570.8552833462,0.0008741935925933801
1745,108592.84462759795,0.00020253450333762967
1746,108636.82331610147,0.0004049869828379771
1747,108675.4160488127,0.0003552454088145843
1748,108587.83201451073,-0.0008059231561869133
1749,108692.55734866252,0.0009644297359008096
1750,108695.41423197082,2.6284074806841966e-05
1751,108570.28896001328,-0.0011511550219635597
1752,108678.46636149596,0.0009963812615668998
1753,108798.87208926036,0.0011079078661627205
1754,108783.40271543757,-0.00014218321868360152
1755,108803.1465926951,0.00018149714721823576
1756,108647.14344961764,-0.0014338109509042973
1757,108642.30622674336,-4.452231987603801e-05
1758,108717.71063163815,0.0006940611582512031
1759,108885.81224266514,0.0015462210347362013
1760,108901.84974669131,0.00014728736183189562
1761,109056.97634602645,0.0014244624833827848
1762,109033.41788026065,-0.0002160197958456347
1763,109033.63431081432,1.9849928387034343e-06
1764,109001.07587505413,-0.00029860910319999675
1765,109354.82459821213,0.0032453690967555585
1766,109185.34271703938,-0.0015498345116041932
1767,109168.24624317944,-0.00015658213304555455
1768,109278.67550800943,0.0010115511481608216
1769,109318.62543162094,0.0003655784024264598
1770,109261.31735342716,-0.0005242297729916452
1771,109424.95503180086,0.0014976725737652396
1772,109488.3035733354,0.0005789222533028538
1773,109411.43486114628,-0.0007020723646305956
1774,109357.00527089831,-0.0004974762493248433
1775,109304.7999667903,-0.0004773841783494759
1776,109353.21090042431,0.00044289851542402155
1777,109330.13938340415,-0.00021098161480764154
1778,109218.09642078637,-0.0010248131324965156
1779,109436.99398715707,0.00200422433226948
1780,109272.56036325295,-0.0015025414890638678
1781,109337.43537566789,0.0005936990237921726
1782,109410.31345684125,0.0006665428078036197
1783,109397.24032408743,-0.00011948720683445933
1784,109311.07104289155,-0.0007876732625118518
1785,109196.2041091451,-0.0010508261665588996
1786,109146.83367952917,-0.00045212587762289016
1787,109248.8837095624,0.000934979298921976
1788,109110.8198701163,-0.0012637551502414116
1789,109022.033781697,-0.000813723959961018
1790,109142.02529625605,0.0011006170991023922
1791,109420.66074873733,0.002552962085181605
1792,109562.3390531608,0.0012948039561633666
1793,109602.15268472939,0.0003633879297638132
1794,109671.47081774249,0.0006324522950976214
1795,109521.0480158473,-0.0013715764070053428
1796,109550.39987020376,0.000268001949289294
1797,109592.44323959402,0.0003837810673450455
1798,109632.25687116261,0.0003632881099432713
1799,109684.08600923227,0.00047275445702589026
1800,109745.24842639895,0.0005576234382945974
1801,109832.45897880245,0.000794663583653717
1802,109706.80861862266,-0.0011440184563657869
1803,109982.587389885,0.002513779907872899
1804,109977.37558216494,-4.738757146692643e-05
1805,109998.6207858104,0.00019317794712777407
1806,110149.10355620447,0.00136804233834068
1807,110099.62409295424,-0.000449204411590962
1808,110250.94097065077,0.0013743632545810875
1809,110419.01631794088,0.0015244799346869635
1810,110430.99911435164,0.0001085211298773112
1811,110557.58716378648,0.001146309011510107
1812,110446.52550387748,-0.001004559368182148
1813,109976.24163236808,-0.004258023232183085
1814,110281.95013624875,0.002779768605865018
1815,110370.24557331363,0.0008006336209669107
1816,110569.61357365093,0.0018063564079405785
1817,110329.55422098882,-0.0021711150550617897
1818,110373.74555297502,0.0004005393867328867
1819,110512.44699197529,0.0012566524611933659
1820,110378.96801685198,-0.0012078184743569145
1821,110355.3731383871,-0.00021376244848813158
1822,110505.26712715591,0.0013582844632388606
1823,110743.22758235753,0.002153385638422247
1824,110952.2559626948,0.0018875048605732465
1825,110767.3131121768,-0.0016668687708358179
1826,110888.1223789932,0.0010906580959857614
1827,110827.47894724092,-0.0005468884353998874
1828,111087.4672389707,0.0023458829362487
1829,111250.79435442272,0.0014702569021639825
1830,111624.48732683994,0.003359013970064001
1831,111581.40729129566,-0.00038593714135610563
1832,111532.2616754573,-0.00044044628071482757
1833,111648.7718256409,0.0010446318261046613
1834,111440.83441855584,-0.0018624244914203537
1835,111209.71030508132,-0.00207396251724443
1836,110984.82919289672,-0.0020221355812157556
1837,110733.02444459847,-0.0022688213346761803
1838,110816.855865117,0.0007570588895137379
1839,111016.03311053416,0.0017973551393623281
1840,110895.35356694911,-0.0010870460797755977
1841,111063.68173672039,0.0015179010152997676
1842,111465.09673973235,0.003614277833536413
1843,111344.43937377176,-0.0010824676915887957
1844,111203.8110569707,-0.0012630026033809223
1845,111509.07496906783,0.0027450849858081743
1846,111385.79509901299,-0.0011055590774925379
1847,101678.59585851706,-0.08714934639436754
1848,101656.0467588313,-0.0002217684016519629
1849,101720.19553762754,0.0006310375117029732
1850,101818.01549478415,0.0009616571875389301
1851,101820.24989045008,2.194499328133796e-05
1852,101761.64551777276,-0.0005755669696388858
1853,101764.98325025638,3.2799513673696266e-05
1854,101720.32860337436,-0.00043880169244656564
1855,101596.33350493015,-0.0012189805139902442
1856,101611.84675325097,0.00015269496236355808
1857,101725.19659194679,0.0011155179471450903
1858,101753.48415196568,0.00027807820448224024
1859,102022.27696061235,0.002641607910400779
1860,102173.51727072506,0.0014824243745422115
1861,102066.68765362514,-0.001045570515272132
1862,101966.3449916844,-0.0009831088305841849
1863,101956.96940093728,-9.194789464988933e-05
1864,101830.42942008447,-0.0012411116336265551
1865,101937.48081342915,0.00105127115690602
1866,101943.08066360929,5.4934162934549004e-05
1867,101917.0441324747,-0.00025540263218564363
1868,101858.12927305473,-0.0005780667985561374
1869,102058.28233394885,0.0019650180336371705
1870,102133.1151833363,0.0007332364182124946
1871,102092.69091832305,-0.00039579978482688416
1872,102113.0388887796,0.0001993087876665983
1873,101878.3885330134,-0.002297947042999893
1874,101815.03260429217,-0.0006218780021309585
1875,101772.92283981874,-0.0004135908362087378
1876,101626.01825529107,-0.0014434545105762937
1877,101810.83548886012,0.001818601542616548
1878,101751.70994200764,-0.0005807392363354107
1879,101894.54493244403,0.0014037600991451233
1880,101865.40353388285,-0.0002859956691548374
1881,102111.74149774776,0.0024182691602745465
1882,102010.82221757063,-0.0009883219960492183
1883,101920.22662158699,-0.0008880978901474802
1884,101950.04443769468,0.0002925603395528078
1885,101991.3613520931,0.00040526627159694144
1886,102017.12066292175,0.00025256365330500555
1887,101947.32767869641,-0.0006841301123950189
1888,101829.4646934198,-0.0011561164766189158
1889,102008.2385243192,0.001755619863441649
